bill_num,year,party,sponsor
1001,2022,D,CUTTER
1002,2022,D,WEISSMAN
1003,2022,D,DAUGHERTY
1004,2022,D,ORTIZ
1005,2022,D,MCCLUSKIE
1006,2022,D,ROBERTS
1007,2022,D,VALDEZ D.
1008,2022,D,TIPPER
1009,2022,D,GRAY
1010,2022,D,SIROTA
1011,2022,D,CUTTER
1012,2022,D,CUTTER
1013,2022,R,PELTON
1014,2022,D,JODEH
1015,2022,R,LUCK
1016,2022,R,CARVER
1017,2022,D,BIRD
1018,2022,D,KENNEDY
1019,2022,R,LARSON
1020,2022,R,WOOG
1021,2022,R,RANSOM
1022,2022,D,ROBERTS
1023,2022,D,BENAVIDEZ
1024,2022,D,BIRD
1025,2022,D,BENAVIDEZ
1026,2022,D,BIRD
1027,2022,R,VAN WINKLE
1028,2022,D,GRAY
1029,2022,D,BIRD
1030,2022,D,VALDEZ A.
1031,2022,D,TITONE
1032,2022,R,BOCKENFELD
1033,2022,R,HANKS
1034,2022,D,BIRD
1035,2022,D,YOUNG
1036,2022,D,SNYDER
1037,2022,D,HOOTON
1038,2022,D,DAUGHERTY
1039,2022,D,KIPP
1040,2022,R,RICH
1041,2022,D,BOESENECKER
1042,2022,D,EXUM
1043,2022,R,PICO
1044,2022,R,WILLIAMS
1045,2022,R,HOLTORF
1046,2022,D,MCLACHLAN
1047,2022,R,NEVILLE
1048,2022,R,BAISLEY
1049,2022,D,BACON
1050,2022,D,RICKS
1051,2022,D,BIRD
1052,2022,D,MCLACHLAN
1053,2022,D,VALDEZ D.
1054,2022,D,BENAVIDEZ
1055,2022,D,LONTINE
1056,2022,D,MICHAELSON JENET
1057,2022,R,BRADFIELD
1058,2022,D,MULLICA
1059,2022,R,SOPER
1060,2022,D,SIROTA
1061,2022,D,AMABILE
1062,2022,R,MCKEAN
1063,2022,D,AMABILE
1064,2022,D,MULLICA
1065,2022,D,BENAVIDEZ
1066,2022,R,GEITNER
1067,2022,D,WOODROW
1068,2022,D,MCCORMICK
1069,2022,R,BOCKENFELD
1070,2022,D,MCCLUSKIE
1071,2022,D,WOODROW
1072,2022,R,WILL
1073,2022,D,ROBERTS
1074,2022,D,AMABILE
1075,2022,R,LUCK
1076,2022,D,LONTINE
1077,2022,D,MICHAELSON JENET
1078,2022,R,BAISLEY
1079,2022,R,WILLIAMS
1080,2022,R,WILLIAMS
1081,2022,R,HOLTORF
1082,2022,D,HOOTON
1083,2022,D,TIPPER
1084,2022,R,PICO
1085,2022,R,HANKS
1086,2022,D,SULLIVAN
1087,2022,D,HOOTON
1088,2022,D,VALDEZ D.
1089,2022,D,WOODROW
1090,2022,R,RANSOM
1091,2022,R,SOPER
1092,2022,R,SOPER
1093,2022,D,MCCORMICK
1094,2022,D,TITONE
1095,2022,D,LONTINE
1096,2022,R,LUCK
1097,2022,D,VALDEZ D.
1098,2022,D,BIRD
1099,2022,R,CARVER
1100,2022,R,RANSOM
1101,2022,D,MCLACHLAN
1102,2022,D,ORTIZ
1103,2022,D,EXUM
1104,2022,D,BOESENECKER
1105,2022,R,SANDRIDGE
1106,2022,R,NEVILLE
1107,2022,D,YOUNG
1108,2022,R,RICH
1109,2022,R,WOOG
1110,2022,D,BOESENECKER
1111,2022,D,AMABILE
1112,2022,D,DAUGHERTY
1113,2022,R,VAN BEBER
1114,2022,R,LARSON
1115,2022,D,KIPP
1116,2022,D,VALDEZ A.
1117,2022,D,ROBERTS
1118,2022,D,DAUGHERTY
1119,2022,D,GRAY
1120,2022,R,VAN WINKLE
1121,2022,D,CUTTER
1122,2022,R,WILL
1123,2022,R,GEITNER
1124,2022,R,PELTON
1125,2022,R,RICH
1126,2022,R,RICH
1127,2022,R,WOOG
1128,2022,R,PICO
1129,2022,R,PELTON
1130,2022,R,BOCKENFELD
1131,2022,D,GONZALES-GUTIERREZ
1132,2022,R,HOLTORF
1133,2022,D,GRAY
1134,2022,D,TITONE
1135,2022,D,SNYDER
1136,2022,R,PICO
1137,2022,D,RICKS
1138,2022,D,GRAY
1139,2022,R,GEITNER
1140,2022,D,VALDEZ D.
1141,2022,R,HOLTORF
1142,2022,D,SNYDER
1143,2022,R,BRADFIELD
1144,2022,R,BAISLEY
1145,2022,R,WILL
1146,2022,R,LARSON
1147,2022,R,LUCK
1148,2022,R,CATLIN
1149,2022,R,LYNCH
1150,2022,R,BOCKENFELD
1151,2022,R,CATLIN
1152,2022,D,HOOTON
1153,2022,D,TIPPER
1154,2022,D,MCLACHLAN
1155,2022,R,WILL
1156,2022,D,KENNEDY
1157,2022,D,MCCORMICK
1158,2022,R,SANDRIDGE
1159,2022,D,CUTTER
1160,2022,D,TIPPER
1161,2022,R,PICO
1162,2022,D,EXUM
1163,2022,R,SOPER
1164,2022,R,WILLIAMS
1165,2022,D,SNYDER
1166,2022,R,LYNCH
1167,2022,R,BRADFIELD
1168,2022,R,MCKEAN
1169,2022,D,MICHAELSON JENET
1186,2022,D,HEROD
1187,2022,D,HEROD
1188,2022,D,HEROD
1189,2022,D,HEROD
1190,2022,D,HEROD
1191,2022,D,HEROD
1192,2022,D,HEROD
1193,2022,D,HEROD
1194,2022,D,MCCLUSKIE
1195,2022,D,HEROD
1196,2022,D,HEROD
1197,2022,D,MCCLUSKIE
1198,2022,R,BAISLEY
1199,2022,R,GEITNER
1200,2022,R,VAN WINKLE
1201,2022,R,VAN BEBER
1202,2022,D,HEROD
1203,2022,R,HANKS
1204,2022,R,HANKS
1205,2022,D,KENNEDY
1206,2022,R,WILLIAMS
1207,2022,R,WOOG
1208,2022,D,WEISSMAN
1209,2022,R,BRADFIELD
1210,2022,D,BENAVIDEZ
1211,2022,R,SOPER
1212,2022,D,ORTIZ
1213,2022,D,YOUNG
1214,2022,D,YOUNG
1215,2022,D,MCCLUSKIE
1216,2022,D,TIPPER
1217,2022,D,BENAVIDEZ
1218,2022,D,VALDEZ A.
1219,2022,D,DURAN
1220,2022,D,KIPP
1221,2022,D,MICHAELSON JENET
1222,2022,D,TIPPER
1223,2022,D,KIPP
1224,2022,D,TIPPER
1225,2022,D,HOOTON
1226,2022,D,TIPPER
1227,2022,D,MULLICA
1228,2022,D,ROBERTS
1229,2022,D,WEISSMAN
1230,2022,D,DURAN
1231,2022,R,VAN BEBER
1232,2022,D,VALDEZ A.
1233,2022,D,LONTINE
1234,2022,D,BACON
1235,2022,D,MCCORMICK
1236,2022,R,VAN BEBER
1237,2022,D,ROBERTS
1238,2022,R,LYNCH
1239,2022,D,TITONE
1240,2022,D,FROELICH
1241,2022,D,BIRD
1242,2022,D,KIPP
1243,2022,D,EXUM
1244,2022,D,KENNEDY
1245,2022,D,DAUGHERTY
1246,2022,D,LONTINE
1247,2022,D,HEROD
1248,2022,D,MCLACHLAN
1249,2022,D,BERNETT
1250,2022,D,WOODROW
1251,2022,D,ROBERTS
1252,2022,D,BERNETT
1253,2022,D,ORTIZ
1254,2022,D,VALDEZ A.
1255,2022,D,ORTIZ
1256,2022,D,AMABILE
1257,2022,D,WEISSMAN
1258,2022,D,BIRD
1259,2022,D,DURAN
1260,2022,D,FROELICH
1261,2022,D,ROBERTS
1262,2022,D,SULLIVAN
1263,2022,D,KENNEDY
1264,2022,D,VALDEZ D.
1265,2022,D,EXUM
1266,2022,D,TIPPER
1267,2022,D,VALDEZ A.
1268,2022,R,HOLTORF
1269,2022,D,LONTINE
1270,2022,D,WOODROW
1271,2022,R,RANSOM
1272,2022,D,GONZALES-GUTIERREZ
1273,2022,D,DURAN
1274,2022,D,MICHAELSON JENET
1275,2022,D,MCLACHLAN
1276,2022,D,KIPP
1277,2022,D,MULLICA
1278,2022,D,YOUNG
1279,2022,D,FROELICH
1280,2022,D,SNYDER
1281,2022,D,GONZALES-GUTIERREZ
1282,2022,D,MULLICA
1283,2022,D,MICHAELSON JENET
1284,2022,D,ESGAR
1285,2022,R,NEVILLE
1287,2022,D,BOESENECKER
1288,2022,D,TITONE
1289,2022,D,GONZALES-GUTIERREZ
1290,2022,D,TITONE
1291,2022,D,WEISSMAN
1292,2022,D,LINDSAY
1293,2022,D,DAUGHERTY
1294,2022,D,MICHAELSON JENET
1295,2022,D,SIROTA
1296,2022,D,MULLICA
1297,2022,D,KIPP
1298,2022,D,MULLICA
1299,2022,D,YOUNG
1300,2022,R,CARVER
1301,2022,R,SOPER
1302,2022,D,KENNEDY
1303,2022,D,AMABILE
1304,2022,D,ROBERTS
1305,2022,D,CARAVEO
1306,2022,D,TITONE
1307,2022,D,VALDEZ D.
1308,2022,D,MCCORMICK
1309,2022,D,FROELICH
1310,2022,R,LARSON
1311,2022,R,PICO
1312,2022,R,LYNCH
1313,2022,D,MCCORMICK
1314,2022,D,RICKS
1315,2022,D,SNYDER
1316,2022,D,MCCORMICK
1317,2022,D,TIPPER
1318,2022,D,BENAVIDEZ
1319,2022,D,GONZALES-GUTIERREZ
1320,2022,D,KIPP
1321,2022,R,MCKEAN
1322,2022,D,BENAVIDEZ
1323,2022,D,SNYDER
1324,2022,D,BERNETT
1325,2022,D,KENNEDY
1326,2022,D,GARNETT
1327,2022,D,HEROD
1328,2022,D,TITONE
1330,2022,D,MCCLUSKIE
1331,2022,D,HEROD
1332,2022,D,MCCLUSKIE
1333,2022,D,HEROD
1334,2022,D,HEROD
1335,2022,D,MCCLUSKIE
1336,2022,D,MCCLUSKIE
1337,2022,D,HEROD
1338,2022,D,HEROD
1339,2022,D,HEROD
1340,2022,D,HEROD
1341,2022,D,HEROD
1342,2022,D,HEROD
1343,2022,D,MCCLUSKIE
1344,2022,R,NEVILLE
1345,2022,D,CUTTER
1346,2022,D,DURAN
1347,2022,D,DAUGHERTY
1348,2022,D,FROELICH
1349,2022,D,DURAN
1350,2022,D,MCCLUSKIE
1351,2022,D,ROBERTS
1352,2022,D,MULLICA
1353,2022,D,BERNETT
1354,2022,D,LINDSAY
1355,2022,D,CUTTER
1356,2022,D,HEROD
1357,2022,D,WEISSMAN
1358,2022,D,SIROTA
1359,2022,D,BACON
1360,2022,D,TITONE
1361,2022,D,BOESENECKER
1362,2022,D,BERNETT
1363,2022,D,WEISSMAN
1364,2022,D,CUTTER
1365,2022,D,ESGAR
1366,2022,D,KIPP
1367,2022,D,LONTINE
1368,2022,D,HEROD
1369,2022,D,SIROTA
1370,2022,D,JODEH
1371,2022,D,MCLACHLAN
1372,2022,R,CARVER
1373,2022,D,GONZALES-GUTIERREZ
1374,2022,D,MICHAELSON JENET
1375,2022,D,MICHAELSON JENET
1376,2022,D,HEROD
1377,2022,D,WOODROW
1378,2022,D,JODEH
1379,2022,D,MCCORMICK
1380,2022,D,GONZALES-GUTIERREZ
1381,2022,D,TITONE
1382,2022,D,MCCLUSKIE
1383,2022,D,KIPP
1384,2022,D,MCLACHLAN
1385,2022,D,TITONE
1386,2022,D,AMABILE
1387,2022,D,TITONE
1388,2022,D,VALDEZ A.
1389,2022,D,HEROD
1390,2022,D,MCCLUSKIE
1391,2022,D,MCCLUSKIE
1392,2022,D,BIRD
1393,2022,D,TIPPER
1394,2022,D,ESGAR
1395,2022,R,LARSON
1396,2022,R,LARSON
1397,2022,D,HEROD
1398,2022,D,BIRD
1399,2022,D,ORTIZ
1400,2022,D,MCCLUSKIE
1401,2022,D,MULLICA
1402,2022,D,GARNETT
1403,2022,D,JODEH
1404,2022,R,VAN BEBER
1405,2022,D,LINDSAY
1406,2022,D,HEROD
1407,2022,D,VALDEZ D.
1408,2022,D,HEROD
1409,2022,D,HEROD
1410,2022,D,BIRD
1411,2022,D,MCCLUSKIE
1412,2022,D,GARNETT
1413,2022,D,ESGAR
1414,2022,D,GONZALES-GUTIERREZ
1415,2022,D,BIRD
1416,2022,D,ESGAR
1417,2022,D,ROBERTS
1418,2022,D,HEROD
1001,2023,D,KIPP
1002,2023,D,MABREY
1003,2023,D,MICHAELSON JENET
1004,2023,D,VELASCO
1005,2023,D,WILLFORD
1006,2023,D,YOUNG
1007,2023,R,CATLIN
1008,2023,D,WEISSMAN
1009,2023,D,LINDSAY
1010,2023,D,MCLACHLAN
1011,2023,D,TITONE
1012,2023,D,AMABILE
1013,2023,D,AMABILE
1014,2023,D,BOESENECKER
1015,2023,D,BIRD
1016,2023,D,BIRD
1017,2023,D,KIPP
1018,2023,R,LYNCH
1019,2023,D,WEISSMAN
1020,2023,D,RICKS
1021,2023,D,SNYDER
1022,2023,D,FROELICH
1023,2023,D,LINDSTEDT
1024,2023,D,GONZALES-GUTIERREZ
1025,2023,R,TAGGART
1026,2023,D,ENGLISH
1027,2023,D,JOSEPH
1028,2023,R,BRADFIELD
1029,2023,R,BRADLEY
1030,2023,D,SIROTA
1031,2023,D,STORY
1032,2023,D,ORTIZ
1033,2023,D,SHARBINI
1034,2023,D,DAUGHERTY
1035,2023,R,SOPER
1036,2023,D,MCLACHLAN
1037,2023,D,MARTINEZ
1038,2023,R,BOCKENFELD
1039,2023,D,BIRD
1040,2023,D,LIEDER
1041,2023,D,DURAN
1042,2023,D,BACON
1043,2023,D,LINDSAY
1044,2023,R,DEGRAAF
1045,2023,R,EVANS
1046,2023,R,ARMAGOST
1047,2023,R,WILSON
1048,2023,R,LUCK
1049,2023,R,SOPER
1050,2023,R,WINTER T.
1051,2023,D,LUKENS
1052,2023,D,MARSHALL
1053,2023,R,HARTSOOK
1054,2023,R,FRIZELL
1055,2023,R,BOCKENFELD
1056,2023,D,HAMRICK
1057,2023,D,MCCORMICK
1058,2023,D,DICKSON
1059,2023,R,WEINBERG
1060,2023,D,STORY
1061,2023,D,DAUGHERTY
1062,2023,D,MAURO
1063,2023,R,BOTTOMS
1064,2023,D,LUKENS
1065,2023,D,STORY
1066,2023,R,BRADLEY
1067,2023,D,YOUNG
1068,2023,D,VALDEZ
1069,2023,D,MCCORMICK
1070,2023,D,RICKS
1071,2023,D,AMABILE
1072,2023,D,VELASCO
1073,2023,R,HARTSOOK
1074,2023,D,DICKSON
1075,2023,D,SNYDER
1076,2023,D,DAUGHERTY
1077,2023,D,WILLFORD
1078,2023,D,WILLFORD
1079,2023,R,DEGRAAF
1080,2023,R,WINTER T.
1081,2023,D,LINDSTEDT
1082,2023,R,WILSON
1083,2023,D,TITONE
1084,2023,R,BRADFIELD
1085,2023,D,MARTINEZ
1086,2023,R,DEGRAAF
1087,2023,R,CATLIN
1088,2023,D,MARTINEZ
1089,2023,D,YOUNG
1090,2023,D,WEISSMAN
1091,2023,R,PUGLIESE
1092,2023,R,BOCKENFELD
1093,2023,D,MCLACHLAN
1094,2023,D,LUKENS
1095,2023,D,WOODROW
1096,2023,D,SNYDER
1097,2023,R,LUCK
1098,2023,R,FRIZELL
1099,2023,D,VIGIL
1100,2023,D,RICKS
1101,2023,D,VIGIL
1102,2023,R,EVANS
1103,2023,R,WINTER T.
1104,2023,R,FRIZELL
1105,2023,D,PARENTI
1106,2023,R,EVANS
1107,2023,D,DURAN
1108,2023,D,DURAN
1109,2023,D,GONZALES-GUTIERREZ
1110,2023,D,MICHAELSON JENET
1111,2023,D,BIRD
1112,2023,D,BIRD
1113,2023,D,HAMRICK
1114,2023,R,TAGGART
1115,2023,D,MABREY
1116,2023,R,HARTSOOK
1117,2023,D,JODEH
1118,2023,D,SIROTA
1119,2023,R,BOTTOMS
1120,2023,D,JOSEPH
1121,2023,D,BIRD
1122,2023,D,BIRD
1123,2023,D,LINDSAY
1124,2023,D,LINDSAY
1125,2023,D,LUKENS
1126,2023,D,RICKS
1127,2023,R,WINTER T.
1128,2023,R,WEINBERG
1129,2023,R,BRADLEY
1130,2023,D,MICHAELSON JENET
1131,2023,R,WEINBERG
1132,2023,D,SNYDER
1133,2023,D,LINDSAY
1134,2023,D,JOSEPH
1135,2023,D,MICHAELSON JENET
1136,2023,D,ORTIZ
1137,2023,D,LUKENS
1138,2023,D,AMABILE
1139,2023,D,MARTINEZ
1140,2023,D,SNYDER
1141,2023,D,LINDSAY
1142,2023,R,PUGLIESE
1143,2023,D,KIPP
1144,2023,D,ENGLISH
1145,2023,D,SHARBINI
1146,2023,D,VALDEZ
1147,2023,D,KIPP
1148,2023,R,EVANS
1149,2023,R,HOLTORF
1150,2023,R,BOTTOMS
1151,2023,D,WOODROW
1152,2023,R,BRADLEY
1153,2023,R,ARMAGOST
1154,2023,D,VALDEZ
1155,2023,D,WEISSMAN
1156,2023,R,TAGGART
1157,2023,D,JOSEPH
1158,2023,D,WILLFORD
1159,2023,R,LUCK
1160,2023,R,EVANS
1161,2023,D,KIPP
1162,2023,D,WOODROW
1163,2023,R,DEGRAAF
1164,2023,R,LYNCH
1165,2023,D,AMABILE
1166,2023,R,PUGLIESE
1167,2023,D,DEGRUY KENNEDY
1168,2023,D,SHARBINI
1169,2023,D,BACON
1170,2023,R,DEGRAAF
1171,2023,D,MABREY
1172,2023,D,PARENTI
1173,2023,R,BOCKENFELD
1174,2023,D,AMABILE
1175,2023,R,BOCKENFELD
1176,2023,R,WILSON
1177,2023,D,MCLACHLAN
1178,2023,D,FROELICH
1179,2023,D,MAURO
1180,2023,D,MARSHALL
1181,2023,D,MAURO
1182,2023,D,EPPS
1183,2023,D,JODEH
1184,2023,D,LINDSTEDT
1185,2023,D,DAUGHERTY
1186,2023,D,LINDSAY
1187,2023,D,BACON
1188,2023,R,SOPER
1189,2023,D,BIRD
1190,2023,D,BOESENECKER
1191,2023,D,ENGLISH
1192,2023,D,WEISSMAN
1193,2023,R,HOLTORF
1194,2023,D,MCLACHLAN
1195,2023,D,MICHAELSON JENET
1196,2023,D,LIEDER
1197,2023,D,YOUNG
1198,2023,D,TITONE
1199,2023,D,FROELICH
1200,2023,D,RICKS
1201,2023,D,DAUGHERTY
1202,2023,D,EPPS
1203,2023,D,GARCIA
1204,2023,D,LINDSTEDT
1205,2023,R,LYNCH
1206,2023,D,MARSHALL
1207,2023,R,WEINBERG
1208,2023,D,MARSHALL
1209,2023,D,BOESENECKER
1210,2023,D,DICKSON
1211,2023,D,GARCIA
1212,2023,D,HAMRICK
1213,2023,D,YOUNG
1214,2023,D,EPPS
1215,2023,D,SIROTA
1216,2023,D,STORY
1217,2023,D,FROELICH
1218,2023,D,BROWN
1219,2023,D,FROELICH
1220,2023,R,HOLTORF
1221,2023,R,SOPER
1222,2023,D,DURAN
1223,2023,D,BACON
1224,2023,D,BROWN
1225,2023,D,DEGRUY KENNEDY
1226,2023,R,SOPER
1227,2023,D,JODEH
1228,2023,D,MCCLUSKIE
1229,2023,D,WEISSMAN
1230,2023,D,EPPS
1231,2023,D,MCLACHLAN
1232,2023,D,MCCLUSKIE
1233,2023,D,MAURO
1234,2023,D,BROWN
1235,2023,D,SIROTA
1236,2023,D,YOUNG
1237,2023,D,VELASCO
1238,2023,R,TAGGART
1239,2023,D,HAMRICK
1240,2023,D,BROWN
1241,2023,D,BIRD
1242,2023,D,BOESENECKER
1243,2023,D,AMABILE
1244,2023,D,DEGRUY KENNEDY
1245,2023,D,PARENTI
1246,2023,D,MCCLUSKIE
1247,2023,D,LUKENS
1248,2023,D,GARCIA
1249,2023,R,ARMAGOST
1250,2023,R,PUGLIESE
1251,2023,D,EPPS
1252,2023,D,LIEDER
1253,2023,D,SHARBINI
1254,2023,D,BROWN
1255,2023,D,LINDSTEDT
1256,2023,D,MICHAELSON JENET
1257,2023,D,VELASCO
1258,2023,D,SHARBINI
1259,2023,D,DAUGHERTY
1260,2023,R,SOPER
1261,2023,D,MCLACHLAN
1262,2023,D,RICKS
1263,2023,D,GARCIA
1264,2023,D,MCCORMICK
1265,2023,D,LUKENS
1266,2023,D,BROWN
1267,2023,D,MCCLUSKIE
1268,2023,D,LUKENS
1269,2023,D,MICHAELSON JENET
1270,2023,D,GARCIA
1271,2023,D,GONZALES-GUTIERREZ
1272,2023,D,WEISSMAN
1273,2023,D,SNYDER
1274,2023,D,MCCORMICK
1275,2023,D,LINDSTEDT
1276,2023,D,LINDSTEDT
1277,2023,D,MARSHALL
1278,2023,D,BROWN
1279,2023,D,LINDSTEDT
1280,2023,D,JOSEPH
1281,2023,D,TITONE
1282,2023,D,KIPP
1283,2023,D,JODEH
1284,2023,D,DEGRUY KENNEDY
1285,2023,D,VALDEZ
1286,2023,R,ARMAGOST
1287,2023,D,MCCLUSKIE
1288,2023,D,MCCLUSKIE
1289,2023,R,PUGLIESE
1290,2023,D,MCCLUSKIE
1291,2023,D,JOSEPH
1292,2023,D,WEISSMAN
1293,2023,D,WEISSMAN
1294,2023,D,BACON
1295,2023,D,BIRD
1296,2023,D,ORTIZ
1297,2023,D,EPPS
1298,2023,D,SIROTA
1299,2023,D,BIRD
1300,2023,D,BIRD
1301,2023,R,SOPER
1302,2023,D,ORTIZ
1303,2023,D,BROWN
1304,2023,D,MCCLUSKIE
1305,2023,D,BIRD
1306,2023,D,HEROD
1307,2023,D,DAUGHERTY
1308,2023,D,ORTIZ
1309,2023,D,HEROD
1310,2023,D,DEGRUY KENNEDY
1311,2023,D,DEGRUY KENNEDY
1001,2024,D,LUKENS
1002,2024,D,SIROTA
1003,2024,D,MCLACHLAN
1004,2024,D,BACON
1005,2024,D,DEGRUY KENNEDY
1006,2024,D,VELASCO
1007,2024,D,RUTINEL
1008,2024,D,DURAN
1009,2024,D,JOSEPH
1010,2024,D,JODEH
1011,2024,D,BROWN
1012,2024,D,MAURO
1013,2024,R,HARTSOOK
1014,2024,D,WEISSMAN
1015,2024,D,VIGIL
1016,2024,D,LIEDER
1017,2024,D,DAUGHERTY
1018,2024,D,BOESENECKER
1019,2024,R,BRADFIELD
1020,2024,R,SOPER
1021,2024,D,LINDSAY
1022,2024,R,LUCK
1023,2024,R,DEGRAAF
1024,2024,D,STORY
1025,2024,D,FROELICH
1026,2024,R,BOCKENFELD
1027,2024,R,WINTER T.
1028,2024,D,EPPS
1029,2024,R,BRADLEY
1030,2024,D,MABREY
1031,2024,R,BRADLEY
1032,2024,R,LYNCH
1033,2024,D,SNYDER
1034,2024,D,AMABILE
1035,2024,D,BOESENECKER
1036,2024,D,WEISSMAN
1037,2024,D,EPPS
1038,2024,D,YOUNG
1039,2024,D,VIGIL
1040,2024,D,VIGIL
1041,2024,D,KIPP
1042,2024,D,SNYDER
1043,2024,R,TAGGART
1044,2024,D,HAMRICK
1045,2024,R,ARMAGOST
1046,2024,D,DURAN
1047,2024,D,MCCORMICK
1048,2024,D,MCCORMICK
1049,2024,R,WEINBERG
1050,2024,R,TAGGART
1051,2024,D,BOESENECKER
1052,2024,D,WEISSMAN
1053,2024,D,WEISSMAN
1054,2024,D,AMABILE
1055,2024,D,FROELICH
1056,2024,R,FRIZELL
1057,2024,D,WOODROW
1058,2024,D,KIPP
1059,2024,D,ENGLISH
1060,2024,D,SNYDER
1061,2024,D,RICKS
1062,2024,R,EVANS
1063,2024,D,YOUNG
1064,2024,R,WILSON
1065,2024,R,BOTTOMS
1066,2024,D,HAMRICK
1067,2024,D,ORTIZ
1068,2024,R,WEINBERG
1069,2024,D,VALDEZ
1070,2024,D,VELASCO
1071,2024,D,GARCIA
1072,2024,D,BIRD
1073,2024,D,STORY
1074,2024,R,ARMAGOST
1075,2024,D,MCCORMICK
1076,2024,D,MARSHALL
1077,2024,R,SOPER
1078,2024,D,TITONE
1079,2024,D,AMABILE
1080,2024,D,PARENTI
1081,2024,D,AMABILE
1082,2024,R,TAGGART
1083,2024,D,WILLFORD
1084,2024,D,WILLFORD
1085,2024,R,FRIZELL
1086,2024,R,HOLTORF
1087,2024,D,MCCORMICK
1088,2024,R,WINTER T.
1089,2024,D,HAMRICK
1090,2024,D,TITONE
1091,2024,D,BROWN
1092,2024,R,BRADLEY
1093,2024,R,ARMAGOST
1094,2024,D,LUKENS
1095,2024,D,LIEDER
1096,2024,D,YOUNG
1097,2024,R,TAGGART
1098,2024,D,MABREY
1099,2024,D,LINDSAY
1100,2024,D,VIGIL
1101,2024,D,MABREY
1102,2024,D,DEGRUY KENNEDY
1103,2024,D,AMABILE
1104,2024,D,SNYDER
1105,2024,D,HERNANDEZ
1106,2024,R,BOTTOMS
1107,2024,D,LINDSTEDT
1108,2024,D,MCCLUSKIE
1109,2024,R,BOCKENFELD
1110,2024,D,MARTINEZ
1111,2024,D,MARTINEZ
1112,2024,R,EVANS
1113,2024,D,BROWN
1114,2024,D,LINDSAY
1115,2024,D,YOUNG
1116,2024,D,BIRD
1117,2024,D,MCCORMICK
1118,2024,D,MARSHALL
1119,2024,D,MAURO
1120,2024,R,EVANS
1121,2024,D,TITONE
1122,2024,D,DURAN
1123,2024,R,BRADLEY
1124,2024,R,SOPER
1125,2024,D,VALDEZ
1126,2024,R,LYNCH
1127,2024,R,LYNCH
1128,2024,R,HOLTORF
1129,2024,D,VIGIL
1130,2024,D,DAUGHERTY
1131,2024,D,LUKENS
1132,2024,D,RUTINEL
1133,2024,D,MABREY
1134,2024,D,WEISSMAN
1135,2024,R,SOPER
1136,2024,R,PUGLIESE
1137,2024,D,MAURO
1138,2024,R,CATLIN
1139,2024,D,LIEDER
1140,2024,R,WEINBERG
1141,2024,R,WINTER T.
1142,2024,R,HOLTORF
1143,2024,R,CATLIN
1144,2024,R,BOCKENFELD
1145,2024,R,DEGRAAF
1146,2024,D,BIRD
1147,2024,D,JOSEPH
1148,2024,D,WEISSMAN
1149,2024,D,BIRD
1150,2024,D,GARCIA
1151,2024,D,RICKS
1152,2024,D,AMABILE
1153,2024,D,GARCIA
1154,2024,R,WEINBERG
1155,2024,D,VELASCO
1156,2024,R,HARTSOOK
1157,2024,D,LINDSTEDT
1158,2024,D,RICKS
1159,2024,R,WILSON
1160,2024,D,MCLACHLAN
1161,2024,D,ORTIZ
1162,2024,R,ARMAGOST
1163,2024,D,ENGLISH
1164,2024,D,TITONE
1165,2024,D,ORTIZ
1166,2024,R,DEGRAAF
1167,2024,D,ENGLISH
1168,2024,D,FROELICH
1169,2024,D,EPPS
1170,2024,D,JOSEPH
1171,2024,D,BOESENECKER
1172,2024,R,TAGGART
1173,2024,D,VALDEZ
1174,2024,D,DURAN
1175,2024,D,BOESENECKER
1176,2024,D,HAMRICK
1177,2024,D,MARSHALL
1178,2024,D,KIPP
1179,2024,D,DEGRUY KENNEDY
1205,2024,D,SIROTA
1206,2024,D,BIRD
1207,2024,D,BIRD
1208,2024,D,BIRD
1209,2024,D,SIROTA
1210,2024,D,BIRD
1211,2024,R,TAGGART
1212,2024,D,SIROTA
1213,2024,D,BIRD
1214,2024,D,BIRD
1215,2024,D,BIRD
1216,2024,D,BACON
1217,2024,D,AMABILE
1218,2024,D,MCCORMICK
1219,2024,D,MCCLUSKIE
1220,2024,D,DAUGHERTY
1221,2024,D,MARSHALL
1222,2024,R,PUGLIESE
1223,2024,D,WILLFORD
1224,2024,R,BOTTOMS
1225,2024,D,DURAN
1226,2024,R,HARTSOOK
1227,2024,D,WEISSMAN
1228,2024,D,MAURO
1229,2024,D,ENGLISH
1230,2024,D,PARENTI
1231,2024,D,YOUNG
1232,2024,D,SNYDER
1233,2024,R,WILSON
1234,2024,D,MAURO
1235,2024,D,BROWN
1236,2024,R,HOLTORF
1237,2024,R,BRADFIELD
1238,2024,R,WEINBERG
1239,2024,D,VALDEZ
1240,2024,D,JOSEPH
1241,2024,D,EPPS
1242,2024,R,LYNCH
1243,2024,D,WOODROW
1244,2024,R,WINTER T.
1245,2024,D,STORY
1246,2024,R,DEGRAAF
1247,2024,R,BRADLEY
1248,2024,D,SNYDER
1249,2024,R,WINTER T.
1250,2024,R,ARMAGOST
1251,2024,D,SNYDER
1252,2024,D,VIGIL
1253,2024,D,ENGLISH
1254,2024,D,HAMRICK
1255,2024,R,BRADFIELD
1256,2024,D,DURAN
1257,2024,R,CATLIN
1258,2024,D,BROWN
1259,2024,D,BROWN
1260,2024,D,DURAN
1261,2024,R,BOTTOMS
1262,2024,D,GARCIA
1263,2024,R,WILSON
1264,2024,D,MCLACHLAN
1265,2024,R,SOPER
1266,2024,D,HAMRICK
1267,2024,D,JODEH
1268,2024,D,WEISSMAN
1269,2024,D,MAURO
1270,2024,D,WOODROW
1271,2024,D,MCCORMICK
1272,2024,D,VELASCO
1273,2024,D,PARENTI
1274,2024,D,SNYDER
1275,2024,R,CATLIN
1276,2024,D,YOUNG
1277,2024,D,DAUGHERTY
1278,2024,D,MARTINEZ
1279,2024,R,DEGRAAF
1280,2024,D,VELASCO
1281,2024,D,MARTINEZ
1282,2024,D,MARTINEZ
1283,2024,D,WILLFORD
1284,2024,R,EVANS
1285,2024,D,HAMRICK
1286,2024,D,JOSEPH
1287,2024,D,MARSHALL
1288,2024,D,RUTINEL
1289,2024,D,VIGIL
1290,2024,R,BRADFIELD
1291,2024,D,ENGLISH
1292,2024,D,HERNANDEZ
1293,2024,D,CLIFFORD
1294,2024,D,BOESENECKER
1295,2024,D,TITONE
1296,2024,D,KIPP
1297,2024,D,WILLFORD
1298,2024,R,BRADLEY
1299,2024,D,BIRD
1300,2024,D,STORY
1301,2024,D,WILLFORD
1302,2024,D,PARENTI
1303,2024,D,EPPS
1304,2024,D,VIGIL
1305,2024,D,LINDSTEDT
1306,2024,R,LYNCH
1307,2024,D,LIEDER
1308,2024,R,FRIZELL
1309,2024,R,TAGGART
1310,2024,D,PARENTI
1311,2024,D,DEGRUY KENNEDY
1312,2024,D,SIROTA
1313,2024,D,WOODROW
1314,2024,D,LUKENS
1315,2024,D,BROWN
1316,2024,D,LINDSTEDT
1317,2024,D,YOUNG
1318,2024,D,ORTIZ
1319,2024,D,DURAN
1320,2024,D,LUKENS
1321,2024,D,BROWN
1322,2024,D,BROWN
1323,2024,D,VELASCO
1324,2024,D,CLIFFORD
1325,2024,D,VALDEZ
1326,2024,D,RICKS
1327,2024,R,BRADLEY
1328,2024,D,ENGLISH
1329,2024,D,BIRD
1330,2024,D,BACON
1331,2024,R,TAGGART
1332,2024,D,YOUNG
1333,2024,D,HAMRICK
1334,2024,D,BOESENECKER
1335,2024,R,SOPER
1336,2024,D,PARENTI
1337,2024,D,JODEH
1338,2024,D,RUTINEL
1339,2024,D,WEISSMAN
1340,2024,D,BIRD
1341,2024,D,MARVIN
1342,2024,R,SOPER
1343,2024,D,SNYDER
1344,2024,D,LIEDER
1345,2024,D,WEISSMAN
1346,2024,D,TITONE
1348,2024,D,VELASCO
1349,2024,D,DURAN
1350,2024,D,FROELICH
1351,2024,D,AMABILE
1352,2024,D,FROELICH
1353,2024,D,SIROTA
1354,2024,D,HEROD
1355,2024,D,MABREY
1356,2024,D,HEROD
1357,2024,D,STORY
1358,2024,D,HEROD
1359,2024,D,HAMRICK
1360,2024,D,ORTIZ
1361,2024,R,FRIZELL
1362,2024,D,LUKENS
1363,2024,D,GARCIA
1364,2024,D,MCCLUSKIE
1365,2024,D,LUKENS
1366,2024,D,FROELICH
1367,2024,D,KIPP
1368,2024,D,LINDSAY
1369,2024,R,HOLTORF
1370,2024,D,KIPP
1371,2024,R,HARTSOOK
1372,2024,D,WOODROW
1373,2024,D,AMABILE
1374,2024,D,MARVIN
1375,2024,D,STORY
1376,2024,D,MARVIN
1377,2024,D,MARVIN
1378,2024,D,LINDSTEDT
1379,2024,D,MCCLUSKIE
1380,2024,D,MABREY
1381,2024,D,KIPP
1382,2024,D,AMABILE
1383,2024,D,LINDSTEDT
1384,2024,D,BIRD
1385,2024,D,BIRD
1386,2024,D,BIRD
1387,2024,D,SIROTA
1388,2024,D,SIROTA
1389,2024,D,SIROTA
1390,2024,D,BIRD
1391,2024,D,BIRD
1392,2024,D,BIRD
1393,2024,D,BIRD
1394,2024,D,BIRD
1395,2024,D,BIRD
1396,2024,D,BIRD
1397,2024,D,SIROTA
1398,2024,D,BIRD
1399,2024,D,SIROTA
1400,2024,D,BIRD
1401,2024,D,BIRD
1402,2024,D,BIRD
1403,2024,D,BIRD
1404,2024,D,SIROTA
1405,2024,D,BIRD
1406,2024,D,BIRD
1407,2024,D,SIROTA
1408,2024,D,SIROTA
1409,2024,D,BIRD
1410,2024,D,BIRD
1411,2024,D,SIROTA
1412,2024,D,BIRD
1413,2024,D,BIRD
1414,2024,D,BIRD
1415,2024,D,BIRD
1416,2024,D,SIROTA
1417,2024,D,BIRD
1418,2024,D,SIROTA
1419,2024,D,BIRD
1420,2024,D,BIRD
1421,2024,D,BIRD
1422,2024,D,BIRD
1423,2024,D,BIRD
1424,2024,D,BIRD
1425,2024,D,BIRD
1426,2024,D,BIRD
1427,2024,D,BIRD
1428,2024,D,BIRD
1429,2024,D,BIRD
1431,2024,D,LUKENS
1432,2024,D,CLIFFORD
1433,2024,D,CLIFFORD
1434,2024,D,BIRD
1435,2024,D,MCCORMICK
1436,2024,D,MCCLUSKIE
1437,2024,D,WEISSMAN
1438,2024,D,MABREY
1439,2024,D,WILLFORD
1440,2024,D,VELASCO
1441,2024,D,EPPS
1442,2024,D,LINDSTEDT
1443,2024,D,KIPP
1444,2024,D,MCLACHLAN
1445,2024,D,BACON
1446,2024,D,MCLACHLAN
1447,2024,D,LINDSTEDT
1448,2024,D,MCCLUSKIE
1449,2024,D,JOSEPH
1450,2024,R,SOPER
1451,2024,D,HEROD
1452,2024,D,ORTIZ
1453,2024,D,RICKS
1454,2024,D,ORTIZ
1455,2024,D,WEISSMAN
1456,2024,D,MARVIN
1457,2024,D,BROWN
1458,2024,D,DURAN
1459,2024,D,HEROD
1460,2024,D,HEROD
1461,2024,D,MARTINEZ
1462,2024,D,BIRD
1463,2024,D,DEGRUY KENNEDY
1464,2024,R,WEINBERG
1465,2024,D,BIRD
1466,2024,D,BIRD
1467,2024,D,BIRD
1468,2024,D,TITONE
1469,2024,D,BIRD
1470,2024,D,BIRD
1471,2024,D,YOUNG
1472,2024,D,BROWN
